num_rules_to_keep,BLEU
10,0.015643533115250623
20,0.017585987691102412
30,0.018971671499002005
40,0.019126588765050967
50,0.019321421833759577
60,0.018490813104542606
70,0.020154446503241608
